{
  "metadata": {
    "method_name": "PRMP_Benchmark",
    "description": "Unified PRMP benchmark comparing 5 GNN variants across 3 relational tasks (Amazon review-rating, F1 result-position, F1 result-dnf)",
    "config": {
      "hidden_dim": 128,
      "num_gnn_layers": 2,
      "lr": 0.001,
      "max_epochs": 200,
      "patience": 20,
      "seeds": [
        42,
        123,
        456
      ],
      "gradient_clip": 1.0,
      "weight_decay": 1e-05,
      "prediction_mlp_hidden": 64
    },
    "tasks": [
      "rel-amazon/review-rating",
      "rel-f1/result-position",
      "rel-f1/result-dnf"
    ],
    "variants": [
      "standard",
      "prmp",
      "wide"
    ],
    "total_runs_attempted": 75,
    "total_runs_successful": 75,
    "total_time_seconds": 138.3,
    "statistical_analysis": {
      "rel-amazon/review-rating": {
        "summary": {
          "standard": {
            "mean": 0.8426110863685607,
            "std": 0.010276168162772908,
            "n": 5
          },
          "prmp": {
            "mean": 0.8338063836097718,
            "std": 0.006839460590393274,
            "n": 5
          },
          "wide": {
            "mean": 0.8486395001411438,
            "std": 0.01666488385802678,
            "n": 5
          },
          "auxiliary_mlp": {
            "mean": 0.8359495401382446,
            "std": 0.005033334184227924,
            "n": 5
          },
          "random_frozen": {
            "mean": 0.8384820461273194,
            "std": 0.015173059617557865,
            "n": 5
          }
        },
        "pairwise": {
          "standard_vs_prmp": {
            "t_statistic": 1.3554657690719885,
            "p_value": 0.24675248098815936,
            "cohens_d": 1.0087156792091658
          },
          "standard_vs_wide": {
            "t_statistic": -0.661808373367987,
            "p_value": 0.5442747930419737,
            "cohens_d": -0.4354501578388408
          },
          "standard_vs_auxiliary_mlp": {
            "t_statistic": 1.2844230611620888,
            "p_value": 0.26833560125062367,
            "cohens_d": 0.8233105584827871
          },
          "standard_vs_random_frozen": {
            "t_statistic": 0.5485380192778125,
            "p_value": 0.6125008070136766,
            "cohens_d": 0.31864708408446835
          },
          "prmp_vs_wide": {
            "t_statistic": -1.6536393961284739,
            "p_value": 0.17354401226388919,
            "cohens_d": -1.164507654886251
          },
          "prmp_vs_auxiliary_mlp": {
            "t_statistic": -0.5678342886044864,
            "p_value": 0.6005032815528688,
            "cohens_d": -0.35691359346316126
          },
          "prmp_vs_random_frozen": {
            "t_statistic": -0.9431089106890428,
            "p_value": 0.3990254559073342,
            "cohens_d": -0.3972997594154649
          },
          "wide_vs_auxiliary_mlp": {
            "t_statistic": 1.3377818173450569,
            "p_value": 0.2519610883590993,
            "cohens_d": 1.0308989459835636
          },
          "wide_vs_random_frozen": {
            "t_statistic": 0.9083520667007176,
            "p_value": 0.41507053128824106,
            "cohens_d": 0.6373729320667356
          },
          "auxiliary_mlp_vs_random_frozen": {
            "t_statistic": -0.3293160724888147,
            "p_value": 0.7584388866856737,
            "cohens_d": -0.22403830359034285
          }
        },
        "metric": "mae",
        "lower_better": true,
        "best_variant": "prmp"
      },
      "rel-f1/result-position": {
        "summary": {
          "standard": {
            "mean": 3.1482756614685057,
            "std": 0.22227525842810072,
            "n": 5
          },
          "prmp": {
            "mean": 3.0620789527893066,
            "std": 0.29811939027284534,
            "n": 5
          },
          "wide": {
            "mean": 3.544247341156006,
            "std": 0.5294540011888326,
            "n": 5
          },
          "auxiliary_mlp": {
            "mean": 3.05000319480896,
            "std": 0.28486199143615903,
            "n": 5
          },
          "random_frozen": {
            "mean": 3.073849058151245,
            "std": 0.30946056569180613,
            "n": 5
          }
        },
        "pairwise": {
          "standard_vs_prmp": {
            "t_statistic": 0.6803272667377857,
            "p_value": 0.5336372040392665,
            "cohens_d": 0.3278111343896195
          },
          "standard_vs_wide": {
            "t_statistic": -1.8967295471327008,
            "p_value": 0.13073116937050577,
            "cohens_d": -0.9752171307511658
          },
          "standard_vs_auxiliary_mlp": {
            "t_statistic": 0.8353449815807991,
            "p_value": 0.45051458902523306,
            "cohens_d": 0.3846396208693355
          },
          "standard_vs_random_frozen": {
            "t_statistic": 0.5947076584007425,
            "p_value": 0.5840469245581361,
            "cohens_d": 0.27624954356679016
          },
          "prmp_vs_wide": {
            "t_statistic": -1.6575531925250584,
            "p_value": 0.1727478544183361,
            "cohens_d": -1.1222376133230514
          },
          "prmp_vs_auxiliary_mlp": {
            "t_statistic": 0.264125821589715,
            "p_value": 0.8047329500988962,
            "cohens_d": 0.0414168861890777
          },
          "prmp_vs_random_frozen": {
            "t_statistic": -0.8337969478025972,
            "p_value": 0.45129182671002754,
            "cohens_d": -0.03873747078994361
          },
          "wide_vs_auxiliary_mlp": {
            "t_statistic": 1.936981440468805,
            "p_value": 0.12480954862142335,
            "cohens_d": 1.162576842896882
          },
          "wide_vs_random_frozen": {
            "t_statistic": 1.65838297289522,
            "p_value": 0.1725795487808553,
            "cohens_d": 1.0847667000047592
          },
          "auxiliary_mlp_vs_random_frozen": {
            "t_statistic": -0.6556833471320408,
            "p_value": 0.547825729723761,
            "cohens_d": -0.08017688182534023
          }
        },
        "metric": "mae",
        "lower_better": true,
        "best_variant": "auxiliary_mlp"
      },
      "rel-f1/result-dnf": {
        "summary": {
          "standard": {
            "mean": 0.9249438426425399,
            "std": 0.0163925730806537,
            "n": 5
          },
          "prmp": {
            "mean": 0.9268521226311563,
            "std": 0.01397381906473869,
            "n": 5
          },
          "wide": {
            "mean": 0.9213314366583238,
            "std": 0.009356583219597129,
            "n": 5
          },
          "auxiliary_mlp": {
            "mean": 0.9297320179149514,
            "std": 0.011890233266786343,
            "n": 5
          },
          "random_frozen": {
            "mean": 0.9279270952751377,
            "std": 0.013636142983879855,
            "n": 5
          }
        },
        "pairwise": {
          "standard_vs_prmp": {
            "t_statistic": -0.35685749337682243,
            "p_value": 0.7392280958197746,
            "cohens_d": -0.12528686959086097
          },
          "standard_vs_wide": {
            "t_statistic": 0.3447263827782434,
            "p_value": 0.7476626364188039,
            "cohens_d": 0.2706616581137556
          },
          "standard_vs_auxiliary_mlp": {
            "t_statistic": -0.8910302976302956,
            "p_value": 0.4232658766563721,
            "cohens_d": -0.3343822972324666
          },
          "standard_vs_random_frozen": {
            "t_statistic": -0.48211842799775156,
            "p_value": 0.6549152429620686,
            "cohens_d": -0.19786147929485814
          },
          "prmp_vs_wide": {
            "t_statistic": 0.5304613837493355,
            "p_value": 0.6238748214512184,
            "cohens_d": 0.4642566694121429
          },