{
  "metadata": {
    "description": "Embedding-space cross-table predictability trajectories comparing Standard vs PRMP HeteroGNN on Amazon Video Games reviews. Tests whether embedding-space R² emerges during training, whether PRMP produ...",
    "dataset": "amazon_video_games",
    "num_reviews": 10000,
    "num_products": 2805,
    "num_customers": 5388,
    "model_config": {
      "hidden_dim": 32,
      "num_layers": 2,
      "epochs": 60,
      "lr": 0.005,
      "weight_decay": 0.0001,
      "checkpoint_every": 10
    },
    "gpu_used": false,
    "device": "cpu",
    "raw_feature_baseline": {
      "product_to_review": {
        "ridge_r2": -0.013140771059761924,
        "rf_r2": -0.054507908385213,
        "mi": 0.011821408521327825
      },
      "customer_to_review": {
        "ridge_r2": 0.03936183470264896,
        "rf_r2": 0.039822119936196436,
        "mi": 0.0495105886951229
      }
    },
    "training_curves": {
      "standard": {
        "train_losses": [
          10.45910358428955,
          9.394979476928711,
          8.117220878601074
        ],
        "val_losses": [
          9.446969985961914,
          8.197322845458984,
          6.524677753448486
        ]
      },
      "prmp": {
        "train_losses": [
          11.983102798461914,
          11.03270435333252,
          10.176464080810547
        ],
        "val_losses": [
          11.06775188446045,
          10.228667259216309,
          9.073625564575195
        ]
      }
    },
    "embedding_predictability": {
      "standard": {
        "product_to_review": {
          "layer_0": {
            "epochs": [
              0,
              10,
              20
            ],
            "ridge_r2": [
              0.04364656507554756,
              0.04055081458919842,
              0.039169024280339526
            ],
            "rf_r2": [
              -0.015050691316641643,
              0.0027483520629789835,
              -0.0031037038083655765
            ],
            "mi": [
              0.00677254833461863,
              0.007009412663035975,
              0.006882994792600752
            ]
          },
          "layer_1": {
            "epochs": [
              0,
              10,
              20
            ],
            "ridge_r2": [
              0.31964069649331905,
              0.37446980832457627,
              0.3757635048006368
            ],
            "rf_r2": [
              0.26209372830394373,
              0.3333502823299947,
              0.33225410989384035
            ],
            "mi": [
              0.06252776344362394,
              0.059570252293935276,
              0.062083323311190285
            ]
          },
          "layer_2": {
            "epochs": [
              0,
              10,
              20
            ],
            "ridge_r2": [
              0.36562616085933,
              0.4310411056650727,
              0.4424693401417378
            ],
            "rf_r2": [
              0.31621340933803865,
              0.3718382539745499,
              0.38445441442992506
            ],
            "mi": [
              0.08648451220755522,
              0.05865858589846744,
              0.05362821693713821
            ]
          }
        },
        "customer_to_review": {
          "layer_0": {
            "epochs": [
              0,
              10,
              20
            ],
            "ridge_r2": [
              0.10350971086893479,
              0.10382749207254541,
              0.10955824448842273
            ],
            "rf_r2": [
              0.08521551341981654,
              0.09742534240519805,
              0.09270636074442462
            ],
            "mi": [
              0.01562714503550558,
              0.017705506364495343,
              0.0183619499304137
            ]
          },
          "layer_1": {
            "epochs": [
              0,
              10,
              20
            ],
            "ridge_r2": [
              0.5016111135702057,
              0.4991984307587516,
              0.5087017034328443
            ],
            "rf_r2": [
              0.4668867336826071,
              0.47091373688488164,
              0.480168535886538
            ],
            "mi": [
              0.09794084778619869,
              0.07877426288460251,
              0.07912018484610789
            ]
          },
          "layer_2": {
            "epochs": [
              0,
              10,
              20
            ],
            "ridge_r2": [
              0.5453186598366617,
              0.6204536823131809,
              0.6104392737725244
            ],
            "rf_r2": [
              0.4920996126471926,
              0.5493041590683891,
              0.5498289833004583
            ],
            "mi": [
              0.0921779897134643,
              0.07578901635704186,
              0.06015529879415956
            ]
          }
        }
      },
      "prmp": {
        "product_to_review": {
          "layer_0": {
            "epochs": [
              0,
              10,
              20
            ],
            "ridge_r2": [
              0.03798237144397363,
              0.05001823589005559,
              0.04709414723460552
            ],
            "rf_r2": [
              -0.023469646817884906,
              -0.0032836150434929156,
              0.006965873418848038
            ],
            "mi": [
              0.005144421417639552,
              0.005639309598336322,
              0.004658541469165645
            ]
          },
          "layer_1": {
            "epochs": [
              0,
              10,
              20
            ],
            "ridge_r2": [
              0.2907895142176552,
              0.3032819854564929,
              0.3088271637980669
            ],
            "rf_r2": [
              0.21592100263360633,
              0.26191628598138905,
              0.2746367682869417
            ],
            "mi": [
              0.04800534173593752,
              0.04857199647283325,
              0.044067252289770084
            ]
          },
          "layer_2": {
            "epochs": [
              0,
              10,
              20
            ],
            "ridge_r2": [
              0.39331289887891946,
              0.44923823790431305,
              0.45543971779708875
            ],
            "rf_r2": [
              0.31676193548455783,
              0.3415003645330268,
              0.3506623434738409
            ],
            "mi": [
              0.06303813252577595,
              0.06600117816944007,
              0.05159061438441681
            ]
          }
        },
        "customer_to_review": {
          "layer_0": {
            "epochs": [
              0,
              10,
              20
            ],
            "ridge_r2": [
              0.10010322358570858,
              0.12078424569175066,
              0.09585286408741166
            ],
            "rf_r2": [
              0.06430320851295489,
              0.08673338482888425,
              0.06679034282806702
            ],
            "mi": [
              0.01553214107551019,
              0.019670867036037397,
              0.016262447246433713
            ]
          },
          "layer_1": {
            "epochs": [
              0,
              10,
              20
            ],
            "ridge_r2": [
              0.4020926345092538,
              0.4807146097807893,
              0.48864491564138524
            ],
            "rf_r2": [
              0.3575053441547171,
              0.4507761930544998,
              0.500593325798976
            ],
            "mi": [
              0.0642179942272195,
              0.07046711605099736,
              0.07576466975481984
            ]
          },
          "layer_2": {
            "epochs": [
              0,
              10,
              20
            ],