{
  "metadata": {
    "evaluation_name": "PRMP Mechanistic Synthesis",
    "description": "Synthesizes evidence from 4 prior experiments into unified mechanistic narrative. Produces mechanism decomposition, gradient analysis, embedding rank analysis, R² correlation, and 4 publication figures.",
    "experiments_used": [
      "exp_id1_it4__opus (parameter-matched controls)",
      "exp_id2_it4__opus (embedding R² trajectories)",
      "exp_id3_it4__opus (task-type instrumented comparison)",
      "exp_id4_it2__opus (per-link PRMP ablation)"
    ],
    "mechanism_decomposition": {
      "rmse": {
        "total_improvement": 0.0499980000000001,
        "standard_mean": 0.5643423333333334,
        "prmp_mean": 0.5143443333333333,
        "extra_params_frac": 0.1493726415723308,
        "extra_params_ci": [
          0.027437861314083354,
          0.31522815447299607
        ],
        "aux_mlp_frac": 0.2692574369641451,
        "aux_mlp_ci": [
          -0.027790004988702953,
          0.400597373504537
        ],
        "skip_frac": 0.07544968465405356,
        "skip_ci": [
          -0.20706048067611427,
          0.29144684512117974
        ],
        "predict_subtract_residual_frac": 0.7307425630358548,
        "predict_subtract_ci": [
          0.599402626495463,
          0.9725621386859167
        ],
        "variant_means": {
          "standard": 0.5643423333333334,
          "wide": 0.556874,
          "aux_mlp": 0.55088,
          "skip_residual": 0.56057,
          "prmp": 0.5143443333333333
        }
      },
      "mae": {
        "total_improvement": 0.05694466666666664,
        "standard_mean": 0.39951766666666666,
        "prmp_mean": 0.342573,
        "extra_params_frac": 0.10711567954856674,
        "extra_params_ci": [
          -0.08345958589161126,
          0.24568552595833507
        ],
        "aux_mlp_frac": 0.3381645339920622,
        "aux_mlp_ci": [
          0.059777263907716115,
          0.41933685068416776
        ],
        "skip_frac": 0.002370722455716206,
        "skip_ci": [
          -0.2872710841772319,
          0.17535280744648896
        ],
        "predict_subtract_residual_frac": 0.6618354660079377,
        "predict_subtract_ci": [
          0.5806631493158323,
          0.9402227360922839
        ],
        "variant_means": {
          "standard": 0.39951766666666666,
          "wide": 0.39341800000000005,
          "aux_mlp": 0.380261,
          "skip_residual": 0.3993826666666667,
          "prmp": 0.342573
        }
      },
      "r2": {
        "total_improvement": 0.039456333333333427,
        "standard_mean": 0.7671079999999999,
        "prmp_mean": 0.8065643333333333,
        "extra_params_frac": 0.1564514357644336,
        "extra_params_ci": [
          0.028313836524848444,
          0.3274275008145981
        ],
        "aux_mlp_frac": 0.27908489553852933,
        "aux_mlp_ci": [
          -0.02868638700543687,
          0.4141617790811346
        ],
        "skip_frac": 0.07991112537911273,
        "skip_ci": [
          -0.21492437225244085,
          0.30311176278917984
        ],
        "predict_subtract_residual_frac": 0.7209151044614707,
        "predict_subtract_ci": [
          0.5858382209188654,
          0.9716861634751516
        ],
        "variant_means": {
          "standard": 0.7671079999999999,
          "wide": 0.773281,
          "aux_mlp": 0.7781196666666667,
          "skip_residual": 0.770261,
          "prmp": 0.8065643333333333
        }
      }
    },
    "gradient_analysis": {
      "task_mean_gradient_ratios": {
        "driver-position": 5.813183544941967,
        "driver-dnf": 4.7469045878787215,
        "driver-top3": 3.1096945039506347,
        "user-engagement": 7.117382802033455,
        "post-votes": 4.9680834856138905
      },
      "regression_mean_ratio": 5.269904935373918,
      "classification_mean_ratio": 5.80967082267649,
      "regression_n_edges": 784,
      "classification_n_edges": 878,
      "mann_whitney_U": 385940.5,
      "mann_whitney_p": 1.90248943832903e-05
    },
    "embedding_rank_analysis": {
      "delta_ranks": {
        "driver-position": 0.6536,
        "driver-dnf": 3.6556999999999995,
        "driver-top3": 3.0771000000000006,
        "user-engagement": 1.8733000000000004,
        "post-votes": -1.9040999999999997
      },
      "final_ranks": {
        "driver-position": {
          "standard": 6.5273,
          "standard_epoch": 19,
          "prmp": 7.1809,
          "prmp_epoch": 19
        },
        "driver-dnf": {
          "standard": 12.1964,
          "standard_epoch": 10,
          "prmp": 15.8521,
          "prmp_epoch": 15
        },
        "driver-top3": {
          "standard": 6.5615,
          "standard_epoch": 10,
          "prmp": 9.6386,
          "prmp_epoch": 10
        },
        "user-engagement": {
          "standard": 17.2328,
          "standard_epoch": 10,
          "prmp": 19.1061,
          "prmp_epoch": 19
        },
        "post-votes": {
          "standard": 10.5362,
          "standard_epoch": 10,
          "prmp": 8.6321,
          "prmp_epoch": 15
        }
      },
      "task_deltas": {
        "driver-position": 0.02774399999999977,
        "driver-dnf": -0.0011069999999999691,
        "driver-top3": 0.0013609999999999456,
        "user-engagement": 0.010386000000000006,
        "post-votes": 0.002139000000000002
      },
      "spearman_rho": -0.7,
      "spearman_p": 0.1881204043741873,
      "regression_delta_ranks": [
        0.6536,
        -1.9040999999999997
      ],
      "classification_delta_ranks": [
        3.6556999999999995,
        3.0771000000000006,
        1.8733000000000004
      ],
      "regression_mean_delta_rank": -0.6252499999999999,
      "classification_mean_delta_rank": 2.8687000000000005,
      "task_types": {
        "driver-position": "regression",
        "driver-dnf": "classification",
        "driver-top3": "classification",
        "user-engagement": "classification",
        "post-votes": "regression"
      }
    },
    "embedding_r2_correlation": {
      "standard_product_r2": 0.4506990865443701,
      "standard_customer_r2": 0.6087222912027925,
      "prmp_product_r2": 0.4334700881638442,
      "prmp_customer_r2": 0.6569876139983958,
      "product_link_improvement": 0.02249599999999996,
      "customer_link_improvement": 0.031000000000000028,
      "product_r2_reduction": 0.017228998380525884,
      "customer_r2_reduction": -0.04826532279560325,
      "higher_r2_link": "customer",
      "larger_improvement_link": "customer",
      "r2_predicts_improvement": true
    },
    "cross_experiment_summary": {
      "regression_deltas": {
        "amazon_per_seed": [
          0.06160299999999996,
          0.05431399999999997,
          0.034077000000000024
        ],
        "driver_position": 0.02774399999999977,
        "post_votes": 0.002139000000000002,
        "all_values": [
          0.06160299999999996,
          0.05431399999999997,
          0.034077000000000024,
          0.02774399999999977,
          0.002139000000000002
        ],
        "mean": 0.03597539999999995,
        "ci_95": [
          0.01769499999999995,
          0.05318219999999998
        ]
      },
      "classification_deltas": {
        "driver_dnf": -0.0011069999999999691,
        "driver_top3": 0.0013609999999999456,
        "user_engagement": 0.010386000000000006,
        "all_values": [
          -0.0011069999999999691,
          0.0013609999999999456,
          0.010386000000000006
        ],
        "mean": 0.003546666666666661,
        "ci_95": [
          -0.0011069999999999691,
          0.010386000000000006
        ]
      },
      "regression_vs_classification_cohens_d": 1.662629347161094,
      "task_deltas": {
        "driver-position": 0.02774399999999977,
        "driver-dnf": -0.0011069999999999691,
        "driver-top3": 0.0013609999999999456,
        "user-engagement": 0.010386000000000006,
        "post-votes": 0.002139000000000002
      },